OrderID,OrderDate,CustomerID,CustomerName,City,Product,Category,Quantity,UnitPrice,DiscountPct,PaymentMode,OrderStatus,Rating
1001,2024-01-01,252,Pooja,Delhi,Laptop,Electronics,1,5852,0.1,UPI,Returned,5.0
1002,2024-01-01,293,Siddharth,Mumbai,Mobile,Electronics,1,27922,0.05,Cash,Delivered,5.0
1003,2024-01-01,215,Megha,Hyderabad,Mobile,Electronics,3,42376,0.15,Debit Card,Cancelled,5.0
1004,2024-01-01,272,Ananya,Hyderabad,Monitor,Electronics,1,61492,0.2,UPI,Delivered,3.0
1005,2024-01-02,261,Rohit,Chennai,Tablet,Electronics,1,18306,0.15,Cash,Cancelled,4.0
1006,2024-01-02,221,Siddharth,Pune,Laptop,Electronics,3,6444,0.0,Credit Card,Delivered,3.0
1007,2024-01-02,283,Riya,Bangalore,Desk,Furniture,2,54444,0.1,UPI,Cancelled,2.0
1008,2024-01-03,287,Kavya,Delhi,Desk,Furniture,3,59963,,Credit Card,Delivered,5.0
1009,2024-01-03,275,Riya,Hyderabad,Keyboard,Accessories,1,57218,0.15,Debit Card,Delivered,3.0
1010,2024-01-03,275,Isha,Mumbai,Headphones,Accessories,1,25044,0.05,UPI,Delivered,
1011,2024-01-04,288,Pooja,Pune,Mobile,Electronics,3,7531,0.0,UPI,Delivered,5.0
1012,2024-01-04,300,Neha,Hyderabad,Chair,Furniture,2,63656,0.05,UPI,Delivered,5.0
1013,2024-01-04,224,Kavya,Pune,Tablet,Electronics,4,14607,0.2,Debit Card,Cancelled,4.0
1014,2024-01-05,203,Pooja,Chennai,Monitor,Electronics,4,36709,0.15,Debit Card,Delivered,2.0
1015,2024-01-05,222,Megha,Bangalore,Tablet,Electronics,3,16285,0.1,Credit Card,Delivered,3.0
1016,2024-01-05,253,Karan,Hyderabad,Chair,Furniture,1,26270,0.0,Cash,Returned,5.0
1017,2024-01-06,202,Sneha,Mumbai,Laptop,Electronics,1,34391,0.0,Cash,Returned,3.0
1018,2024-01-06,288,Manish,Bangalore,Keyboard,Accessories,4,28309,0.2,Debit Card,Delivered,
1019,2024-01-06,230,Aditya,Pune,Desk,Furniture,2,6990,0.0,UPI,Delivered,3.0
1020,2024-01-07,238,Ananya,Chennai,Tablet,Electronics,4,42230,0.0,Cash,Delivered,
1021,2024-01-07,202,Priya,Mumbai,Keyboard,Accessories,4,10137,0.15,Cash,Delivered,4.0
1022,2024-01-07,264,Siddharth,Pune,Keyboard,Accessories,1,5635,0.1,UPI,Delivered,5.0
1023,2024-01-08,260,Manish,Pune,Tablet,Electronics,1,46245,0.05,Credit Card,Delivered,4.0
1024,2024-01-08,221,Aarav,Chennai,Mobile,Electronics,3,30348,0.2,UPI,Delivered,1.0
1025,2024-01-08,233,Siddharth,Hyderabad,Laptop,Electronics,3,63092,0.05,UPI,Delivered,4.0
1026,2024-01-09,276,Sneha,Bangalore,Tablet,Electronics,3,1184,0.2,UPI,Delivered,2.0
1027,2024-01-09,258,Manish,Mumbai,Keyboard,Accessories,2,15906,0.2,Credit Card,Delivered,4.0
1028,2024-01-09,222,Rahul,Hyderabad,Keyboard,Accessories,2,56552,,Cash,Delivered,3.0
1029,2024-01-10,289,Priya,Mumbai,Laptop,Electronics,4,43583,0.05,Credit Card,Delivered,4.0
1030,2024-01-10,249,Pooja,Hyderabad,Mouse,Accessories,3,29338,0.05,Credit Card,Cancelled,5.0
1031,2024-01-10,291,Neha,Delhi,Desk,Furniture,1,54671,0.2,Debit Card,Cancelled,4.0
1032,2024-01-11,259,Aditya,Delhi,Mobile,Electronics,2,43089,0.05,Debit Card,Cancelled,4.0
1033,2024-01-11,242,Ananya,Delhi,Monitor,Electronics,1,54213,0.0,UPI,Cancelled,5.0
1034,2024-01-11,292,Kavya,Hyderabad,Monitor,Electronics,2,56279,0.0,Credit Card,Delivered,4.0
1035,2024-01-12,260,Kunal,Delhi,Mobile,Electronics,1,39837,0.1,Debit Card,Delivered,4.0
1036,2024-01-12,280,Priya,Bangalore,Headphones,Accessories,4,7038,0.1,Cash,Delivered,2.0
1037,2024-01-12,215,Megha,Hyderabad,Desk,Furniture,3,19071,0.1,Credit Card,Delivered,4.0
1038,2024-01-13,262,Sneha,Pune,Keyboard,Accessories,1,22769,0.15,UPI,Delivered,3.0
1039,2024-01-13,262,Vikram,Mumbai,Mobile,Electronics,1,63341,0.05,UPI,Delivered,5.0
1040,2024-01-13,247,Nikita,Hyderabad,Mouse,Accessories,3,63319,,UPI,Delivered,3.0
1041,2024-01-14,262,Aditya,Chennai,Laptop,Electronics,4,62864,0.1,Credit Card,Delivered,3.0
1042,2024-01-14,251,Isha,Delhi,Headphones,Accessories,2,45047,0.05,Cash,Delivered,5.0
1043,2024-01-14,255,Rahul,Mumbai,Tablet,Electronics,3,18102,,Credit Card,Delivered,5.0
1044,2024-01-15,264,Ananya,Pune,Tablet,Electronics,3,47071,0.0,UPI,Delivered,5.0
1045,2024-01-15,203,Ananya,Delhi,Desk,Furniture,1,4396,0.15,UPI,Delivered,4.0
1046,2024-01-15,251,Priya,Pune,Monitor,Electronics,3,26869,0.05,Cash,Delivered,4.0
1047,2024-01-16,207,Neha,Delhi,Desk,Furniture,1,63781,0.15,Cash,Delivered,4.0
1048,2024-01-16,221,Sneha,Chennai,Mouse,Accessories,1,28824,0.0,Debit Card,Delivered,1.0
1049,2024-01-16,273,Priya,Hyderabad,Chair,Furniture,3,59304,0.1,Cash,Returned,4.0
1050,2024-01-17,239,Aditya,Chennai,Mouse,Accessories,2,42227,0.15,Credit Card,Delivered,
1051,2024-01-17,218,Aditya,Delhi,Chair,Furniture,2,14034,,Cash,Delivered,
1052,2024-01-17,204,Kavya,Pune,Keyboard,Accessories,2,30905,,Cash,Delivered,5.0
1053,2024-01-18,289,Kunal,Bangalore,Laptop,Electronics,2,13741,,UPI,Delivered,4.0
1054,2024-01-18,260,Ananya,Bangalore,Laptop,Electronics,2,46545,0.05,Credit Card,Delivered,4.0
1055,2024-01-18,214,Vikram,Delhi,Mobile,Electronics,4,9312,0.2,Debit Card,Delivered,1.0
1056,2024-01-19,209,Pooja,Mumbai,Headphones,Accessories,3,29053,0.0,Credit Card,Cancelled,5.0
1057,2024-01-19,290,Priya,Chennai,Desk,Furniture,2,19819,0.1,Cash,Delivered,2.0
1058,2024-01-19,253,Karan,Hyderabad,Chair,Furniture,3,42632,0.2,UPI,Delivered,3.0
1059,2024-01-20,202,Priya,Chennai,Monitor,Electronics,1,14860,0.05,Cash,Delivered,4.0
1060,2024-01-20,284,Aarav,Mumbai,Mouse,Accessories,1,22326,0.0,Credit Card,Delivered,3.0
1061,2024-01-20,292,Karan,Delhi,Chair,Furniture,3,12102,0.1,Cash,Delivered,4.0
1062,2024-01-21,260,Rohit,Delhi,Monitor,Electronics,3,55694,0.2,Cash,Returned,4.0
1063,2024-01-21,271,Aarav,Chennai,Desk,Furniture,1,44828,0.2,Cash,Delivered,5.0
1064,2024-01-21,244,Rahul,Bangalore,Keyboard,Accessories,3,51817,0.0,UPI,Delivered,2.0
1065,2024-01-22,208,Riya,Bangalore,Chair,Furniture,3,36796,0.2,UPI,Delivered,4.0
1066,2024-01-22,247,Manish,Bangalore,Tablet,Electronics,3,10947,0.15,Debit Card,Returned,5.0
1067,2024-01-22,235,Pooja,Mumbai,Chair,Furniture,2,44965,0.05,UPI,Delivered,
1068,2024-01-23,278,Pooja,Bangalore,Mobile,Electronics,1,16128,0.15,Cash,Delivered,4.0
1069,2024-01-23,281,Vikram,Chennai,Chair,Furniture,1,39527,0.05,Debit Card,Delivered,5.0
1070,2024-01-23,236,Isha,Hyderabad,Chair,Furniture,1,4597,0.1,UPI,Delivered,4.0
1071,2024-01-24,250,Arjun,Hyderabad,Monitor,Electronics,2,52982,0.0,Debit Card,Delivered,3.0
1072,2024-01-24,204,Vikram,Delhi,Desk,Furniture,2,53459,0.0,Debit Card,Delivered,1.0
1073,2024-01-24,202,Siddharth,Delhi,Mouse,Accessories,2,8870,0.05,Debit Card,Delivered,4.0
1074,2024-01-25,206,Sneha,Hyderabad,Tablet,Electronics,2,46519,0.0,Cash,Delivered,4.0
1075,2024-01-25,254,Rohit,Pune,Mouse,Accessories,2,11195,0.05,Cash,Delivered,5.0
1076,2024-01-25,204,Priya,Pune,Monitor,Electronics,2,25717,0.15,Debit Card,Delivered,4.0
1077,2024-01-26,254,Siddharth,Hyderabad,Headphones,Accessories,3,25242,0.1,UPI,Delivered,3.0
1078,2024-01-26,293,Aditya,Mumbai,Chair,Furniture,3,19249,0.0,Credit Card,Delivered,5.0
1079,2024-01-26,263,Riya,Pune,Laptop,Electronics,2,12285,,Cash,Cancelled,5.0
1080,2024-01-27,218,Isha,Mumbai,Headphones,Accessories,3,13887,0.05,Cash,Delivered,3.0
1081,2024-01-27,290,Priya,Pune,Headphones,Accessories,4,27199,0.05,UPI,Delivered,5.0
1082,2024-01-27,244,Aditya,Hyderabad,Chair,Furniture,3,11482,0.2,Debit Card,Cancelled,4.0
1083,2024-01-28,234,Isha,Delhi,Chair,Furniture,2,8770,,Cash,Delivered,4.0
1084,2024-01-28,274,Nikita,Mumbai,Keyboard,Accessories,2,56564,,Debit Card,Delivered,3.0
1085,2024-01-28,262,Arjun,Bangalore,Laptop,Electronics,3,61300,0.1,UPI,Delivered,2.0
1086,2024-01-29,300,Neha,Delhi,Mobile,Electronics,1,24036,0.15,Debit Card,Delivered,3.0
1087,2024-01-29,214,Vikram,Mumbai,Monitor,Electronics,1,34372,,UPI,Delivered,5.0
1088,2024-01-29,295,Ananya,Chennai,Monitor,Electronics,2,44661,0.15,Cash,Returned,2.0
1089,2024-01-30,248,Siddharth,Chennai,Headphones,Accessories,4,38399,0.0,UPI,Delivered,4.0
1090,2024-01-30,215,Isha,Bangalore,Desk,Furniture,3,24552,,Credit Card,Delivered,4.0
1091,2024-01-30,272,Ananya,Bangalore,Mobile,Electronics,3,9796,0.1,UPI,Delivered,5.0
1092,2024-01-31,278,Ananya,Chennai,Laptop,Electronics,1,32696,,UPI,Delivered,5.0
1093,2024-01-31,287,Rohit,Mumbai,Mouse,Accessories,3,5063,0.05,UPI,Delivered,4.0
1094,2024-01-31,262,Neha,Bangalore,Keyboard,Accessories,4,30173,0.05,Credit Card,Delivered,4.0
1095,2024-01-31,240,Kunal,Delhi,Tablet,Electronics,1,12355,0.1,Cash,Cancelled,3.0
1096,2024-02-01,285,Aditya,Chennai,Headphones,Accessories,4,59394,,Credit Card,Delivered,4.0
1097,2024-02-01,280,Kavya,Delhi,Laptop,Electronics,2,41283,0.15,UPI,Delivered,3.0
1098,2024-02-01,282,Vikram,Pune,Mobile,Electronics,1,33721,0.05,UPI,Delivered,2.0
1099,2024-02-02,253,Manish,Bangalore,Chair,Furniture,2,45880,0.1,Cash,Returned,5.0
1100,2024-02-02,224,Siddharth,Hyderabad,Mouse,Accessories,2,23851,0.1,UPI,Returned,3.0
1101,2024-02-02,226,Arjun,Hyderabad,Headphones,Accessories,1,57934,0.15,UPI,Delivered,4.0
1102,2024-02-03,289,Pooja,Delhi,Mouse,Accessories,4,58853,0.0,Credit Card,Delivered,
1103,2024-02-03,260,Rohit,Chennai,Headphones,Accessories,1,12982,0.05,Debit Card,Delivered,4.0
1104,2024-02-03,241,Megha,Chennai,Desk,Furniture,3,15823,0.05,Cash,Delivered,4.0
1105,2024-02-04,229,Karan,Bangalore,Mobile,Electronics,3,53513,0.0,Cash,Delivered,5.0
1106,2024-02-04,215,Pooja,Pune,Tablet,Electronics,1,30666,0.05,Cash,Delivered,5.0
1107,2024-02-04,245,Ananya,Bangalore,Desk,Furniture,1,28145,0.0,Credit Card,Delivered,5.0
1108,2024-02-05,265,Rahul,Hyderabad,Tablet,Electronics,2,1345,,Credit Card,Cancelled,1.0
1109,2024-02-05,289,Siddharth,Hyderabad,Tablet,Electronics,3,40774,,Credit Card,Delivered,4.0
1110,2024-02-05,271,Ananya,Chennai,Desk,Furniture,4,20695,0.15,UPI,Delivered,
1111,2024-02-06,209,Rahul,Chennai,Monitor,Electronics,1,11616,,Cash,Delivered,1.0
1112,2024-02-06,288,Aarav,Hyderabad,Monitor,Electronics,2,47837,0.2,Credit Card,Delivered,1.0
1113,2024-02-06,201,Manish,Hyderabad,Laptop,Electronics,1,24695,0.15,UPI,Delivered,3.0
1114,2024-02-07,208,Rahul,Mumbai,Mouse,Accessories,3,59607,,UPI,Delivered,4.0
1115,2024-02-07,288,Arjun,Hyderabad,Monitor,Electronics,3,63847,0.15,Credit Card,Delivered,5.0
1116,2024-02-07,263,Karan,Chennai,Mobile,Electronics,1,52217,0.0,UPI,Delivered,3.0
1117,2024-02-08,211,Siddharth,Hyderabad,Headphones,Accessories,1,47400,0.1,Debit Card,Delivered,4.0
1118,2024-02-08,281,Karan,Chennai,Mobile,Electronics,2,27485,0.0,UPI,Delivered,3.0
1119,2024-02-08,208,Kunal,Pune,Desk,Furniture,1,38243,,Cash,Delivered,5.0
1120,2024-02-09,235,Vikram,Pune,Desk,Furniture,3,38584,0.05,UPI,Delivered,5.0
1121,2024-02-09,235,Manish,Mumbai,Mobile,Electronics,4,40859,,Credit Card,Delivered,3.0
1122,2024-02-09,233,Arjun,Mumbai,Keyboard,Accessories,1,46448,0.05,Debit Card,Delivered,4.0
1123,2024-02-10,205,Sneha,Delhi,Mobile,Electronics,4,53882,0.2,Cash,Delivered,3.0
1124,2024-02-10,241,Ananya,Bangalore,Laptop,Electronics,3,18888,0.2,Debit Card,Delivered,5.0
1125,2024-02-10,228,Arjun,Mumbai,Headphones,Accessories,1,49674,0.2,Credit Card,Delivered,5.0
1126,2024-02-11,207,Isha,Hyderabad,Keyboard,Accessories,2,43334,0.05,UPI,Delivered,5.0
1127,2024-02-11,273,Vikram,Pune,Mobile,Electronics,4,31020,,Cash,Delivered,3.0
1128,2024-02-11,272,Rohit,Mumbai,Chair,Furniture,1,62914,,UPI,Returned,3.0
1129,2024-02-12,212,Riya,Mumbai,Keyboard,Accessories,1,17461,0.15,Cash,Delivered,3.0
1130,2024-02-12,234,Aarav,Chennai,Laptop,Electronics,4,59061,0.0,Credit Card,Delivered,4.0
1131,2024-02-12,233,Karan,Bangalore,Mobile,Electronics,2,24621,0.2,UPI,Delivered,4.0
1132,2024-02-13,248,Neha,Chennai,Laptop,Electronics,2,32398,0.1,Credit Card,Returned,3.0
1133,2024-02-13,223,Kunal,Bangalore,Laptop,Electronics,3,7340,0.0,Cash,Delivered,3.0
1134,2024-02-13,262,Pooja,Bangalore,Monitor,Electronics,2,12522,0.1,UPI,Cancelled,5.0
1135,2024-02-14,288,Manish,Delhi,Keyboard,Accessories,3,54131,,Debit Card,Delivered,5.0
1136,2024-02-14,237,Siddharth,Pune,Mouse,Accessories,3,12225,0.2,Cash,Delivered,3.0
1137,2024-02-14,299,Priya,Delhi,Chair,Furniture,4,40141,0.0,Credit Card,Delivered,5.0
1138,2024-02-15,244,Karan,Bangalore,Headphones,Accessories,3,62588,0.15,Credit Card,Delivered,1.0
1139,2024-02-15,286,Vikram,Chennai,Headphones,Accessories,1,29341,0.15,Cash,Delivered,3.0
1140,2024-02-15,291,Priya,Delhi,Mouse,Accessories,2,56596,0.2,Cash,Delivered,4.0
1141,2024-02-16,235,Isha,Chennai,Chair,Furniture,1,58417,,Cash,Delivered,4.0
1142,2024-02-16,265,Kunal,Chennai,Desk,Furniture,1,51995,,Debit Card,Delivered,
1143,2024-02-16,299,Nikita,Chennai,Laptop,Electronics,4,61080,,Credit Card,Delivered,2.0
1144,2024-02-17,247,Neha,Pune,Laptop,Electronics,2,9927,0.05,UPI,Cancelled,3.0
1145,2024-02-17,278,Neha,Chennai,Laptop,Electronics,1,48019,0.05,Debit Card,Delivered,4.0
1146,2024-02-17,203,Siddharth,Delhi,Mobile,Electronics,3,3841,0.05,UPI,Delivered,3.0
1147,2024-02-18,201,Vikram,Mumbai,Mouse,Accessories,1,40485,0.0,Cash,Cancelled,2.0
1148,2024-02-18,205,Rohit,Delhi,Mobile,Electronics,4,4189,0.15,Cash,Delivered,3.0
1149,2024-02-18,290,Vikram,Bangalore,Mouse,Accessories,2,17205,0.05,Credit Card,Delivered,4.0
1150,2024-02-19,214,Rahul,Delhi,Mobile,Electronics,2,7979,0.15,Credit Card,Delivered,3.0
1151,2024-02-19,227,Arjun,Bangalore,Monitor,Electronics,1,19111,0.2,Credit Card,Delivered,5.0
1152,2024-02-19,209,Ananya,Delhi,Tablet,Electronics,2,38212,0.0,Debit Card,Delivered,4.0
1153,2024-02-20,279,Siddharth,Chennai,Mouse,Accessories,3,47086,0.0,UPI,Delivered,5.0
1154,2024-02-20,215,Kavya,Bangalore,Chair,Furniture,4,48708,0.15,Cash,Delivered,5.0
1155,2024-02-20,290,Riya,Mumbai,Tablet,Electronics,4,7363,0.05,Debit Card,Cancelled,5.0
1156,2024-02-21,242,Pooja,Delhi,Mouse,Accessories,3,13001,0.1,UPI,Delivered,4.0
1157,2024-02-21,277,Riya,Chennai,Keyboard,Accessories,3,57856,0.1,Debit Card,Delivered,5.0
1158,2024-02-21,251,Vikram,Chennai,Mobile,Electronics,3,27716,0.2,Credit Card,Cancelled,2.0
1159,2024-02-22,263,Sneha,Pune,Chair,Furniture,3,47864,0.15,Debit Card,Delivered,4.0
1160,2024-02-22,296,Priya,Bangalore,Mobile,Electronics,3,59396,0.2,Cash,Delivered,3.0
1161,2024-02-22,252,Isha,Mumbai,Headphones,Accessories,3,39998,0.1,UPI,Delivered,5.0
1162,2024-02-23,296,Pooja,Pune,Desk,Furniture,1,7076,0.15,UPI,Delivered,4.0
1163,2024-02-23,204,Manish,Bangalore,Monitor,Electronics,4,20376,0.1,UPI,Delivered,5.0
1164,2024-02-23,294,Sneha,Bangalore,Chair,Furniture,4,14935,0.15,Debit Card,Delivered,5.0
1165,2024-02-24,223,Kavya,Mumbai,Mobile,Electronics,2,16801,0.0,UPI,Delivered,4.0
1166,2024-02-24,215,Aarav,Pune,Tablet,Electronics,2,11524,0.2,Debit Card,Delivered,2.0
1167,2024-02-24,243,Neha,Pune,Monitor,Electronics,1,35857,0.1,Credit Card,Returned,1.0
1168,2024-02-25,229,Pooja,Chennai,Headphones,Accessories,3,57303,0.1,Cash,Delivered,4.0
1169,2024-02-25,236,Priya,Mumbai,Monitor,Electronics,4,2769,0.05,UPI,Delivered,5.0
1170,2024-02-25,213,Aditya,Mumbai,Chair,Furniture,1,41087,,UPI,Delivered,5.0
1171,2024-02-26,232,Priya,Pune,Mobile,Electronics,2,16304,0.05,Cash,Delivered,5.0
1172,2024-02-26,271,Nikita,Chennai,Desk,Furniture,2,31459,0.0,UPI,Delivered,4.0
1173,2024-02-26,259,Sneha,Pune,Desk,Furniture,2,8925,0.15,UPI,Delivered,3.0
1174,2024-02-27,286,Neha,Hyderabad,Desk,Furniture,1,64876,0.0,Credit Card,Delivered,2.0
1175,2024-02-27,228,Arjun,Hyderabad,Mouse,Accessories,3,37121,0.05,Debit Card,Delivered,5.0
1176,2024-02-27,266,Pooja,Mumbai,Mouse,Accessories,3,27000,0.2,Debit Card,Delivered,3.0
1177,2024-02-28,242,Siddharth,Delhi,Tablet,Electronics,4,32124,0.0,Cash,Delivered,4.0
1178,2024-02-28,245,Vikram,Delhi,Tablet,Electronics,4,57069,0.05,UPI,Cancelled,5.0
1179,2024-02-28,262,Pooja,Hyderabad,Mobile,Electronics,2,27323,0.2,Credit Card,Delivered,5.0
1180,2024-02-29,257,Pooja,Delhi,Monitor,Electronics,3,9034,,Debit Card,Delivered,5.0
1181,2024-02-29,206,Riya,Delhi,Headphones,Accessories,3,42774,0.2,Debit Card,Delivered,5.0
1182,2024-02-29,228,Riya,Hyderabad,Keyboard,Accessories,1,62709,0.1,Cash,Delivered,2.0
1183,2024-03-01,228,Megha,Mumbai,Tablet,Electronics,4,57263,0.05,UPI,Returned,4.0
1184,2024-03-01,244,Rahul,Pune,Desk,Furniture,2,53482,0.15,Credit Card,Delivered,3.0
1185,2024-03-01,284,Aarav,Bangalore,Chair,Furniture,4,55155,0.15,Cash,Delivered,2.0
1186,2024-03-01,230,Vikram,Mumbai,Headphones,Accessories,2,24469,0.2,UPI,Delivered,5.0
1187,2024-03-02,262,Nikita,Pune,Chair,Furniture,2,39320,0.2,Credit Card,Delivered,
1188,2024-03-02,275,Rohit,Mumbai,Monitor,Electronics,2,40375,0.1,UPI,Delivered,5.0
1189,2024-03-02,292,Siddharth,Delhi,Monitor,Electronics,2,3840,0.05,Cash,Cancelled,3.0
1190,2024-03-03,289,Aditya,Delhi,Headphones,Accessories,1,49904,,Cash,Delivered,1.0
1191,2024-03-03,262,Neha,Delhi,Desk,Furniture,2,51052,0.2,Debit Card,Delivered,2.0
1192,2024-03-03,297,Siddharth,Delhi,Tablet,Electronics,2,32917,0.2,Debit Card,Delivered,5.0
1193,2024-03-04,201,Rohit,Hyderabad,Tablet,Electronics,4,18425,,Credit Card,Delivered,4.0
1194,2024-03-04,227,Aarav,Delhi,Keyboard,Accessories,1,8643,0.1,Credit Card,Delivered,4.0
1195,2024-03-04,262,Manish,Bangalore,Monitor,Electronics,1,7504,0.15,Debit Card,Delivered,2.0
1196,2024-03-05,277,Pooja,Hyderabad,Chair,Furniture,2,35303,0.05,Credit Card,Delivered,5.0
1197,2024-03-05,203,Siddharth,Delhi,Mouse,Accessories,2,60918,0.15,Credit Card,Delivered,5.0
1198,2024-03-05,270,Manish,Hyderabad,Monitor,Electronics,4,1461,0.15,UPI,Delivered,2.0
1199,2024-03-06,272,Nikita,Bangalore,Desk,Furniture,3,1007,0.05,UPI,Delivered,2.0
1200,2024-03-06,227,Arjun,Chennai,Chair,Furniture,4,11554,,UPI,Delivered,3.0
1201,2024-03-06,209,Kavya,Chennai,Chair,Furniture,4,19552,0.0,Credit Card,Delivered,5.0
1202,2024-03-07,262,Sneha,Bangalore,Headphones,Accessories,4,55232,0.2,Credit Card,Delivered,5.0
1203,2024-03-07,237,Vikram,Hyderabad,Monitor,Electronics,1,6582,0.05,Credit Card,Cancelled,3.0
1204,2024-03-07,297,Riya,Mumbai,Desk,Furniture,1,55914,0.1,Debit Card,Delivered,4.0
1205,2024-03-08,251,Kavya,Mumbai,Mouse,Accessories,3,11182,,Cash,Cancelled,4.0
1206,2024-03-08,244,Ananya,Chennai,Mouse,Accessories,2,22732,0.1,Credit Card,Delivered,5.0
1207,2024-03-08,224,Karan,Mumbai,Headphones,Accessories,4,41261,0.0,Debit Card,Delivered,3.0
1208,2024-03-09,279,Neha,Pune,Mobile,Electronics,2,39475,0.05,UPI,Cancelled,4.0
1209,2024-03-09,259,Isha,Hyderabad,Monitor,Electronics,3,6701,0.0,Cash,Delivered,4.0
1210,2024-03-09,232,Priya,Hyderabad,Desk,Furniture,2,51000,0.2,Credit Card,Delivered,4.0
1211,2024-03-10,296,Rahul,Chennai,Monitor,Electronics,1,64219,0.15,Cash,Delivered,
1212,2024-03-10,288,Arjun,Delhi,Mouse,Accessories,4,19068,0.1,UPI,Delivered,4.0
1213,2024-03-10,252,Aditya,Pune,Desk,Furniture,2,56477,0.1,Debit Card,Delivered,5.0
1214,2024-03-11,262,Arjun,Bangalore,Tablet,Electronics,1,6248,0.15,UPI,Delivered,3.0
1215,2024-03-11,258,Kavya,Hyderabad,Headphones,Accessories,4,24112,0.2,Cash,Delivered,4.0
1216,2024-03-11,252,Karan,Delhi,Mouse,Accessories,3,57809,0.2,Cash,Delivered,5.0
1217,2024-03-12,212,Neha,Chennai,Headphones,Accessories,1,39708,,Debit Card,Delivered,
1218,2024-03-12,239,Rohit,Hyderabad,Mouse,Accessories,3,44468,0.05,UPI,Delivered,5.0
1219,2024-03-12,202,Rahul,Bangalore,Mobile,Electronics,1,57332,0.2,UPI,Delivered,5.0
1220,2024-03-13,203,Riya,Mumbai,Keyboard,Accessories,4,55839,0.2,Cash,Delivered,4.0
1221,2024-03-13,256,Sneha,Mumbai,Mobile,Electronics,4,8194,0.0,UPI,Returned,4.0
1222,2024-03-13,281,Vikram,Pune,Laptop,Electronics,1,31711,0.0,Credit Card,Delivered,5.0
1223,2024-03-14,259,Priya,Hyderabad,Laptop,Electronics,2,25617,0.05,Cash,Delivered,3.0
1224,2024-03-14,202,Aditya,Pune,Mobile,Electronics,4,29402,,Cash,Delivered,4.0
1225,2024-03-14,202,Manish,Hyderabad,Tablet,Electronics,1,30911,0.15,Cash,Delivered,4.0
1226,2024-03-15,292,Manish,Bangalore,Laptop,Electronics,1,28882,0.1,UPI,Delivered,1.0
1227,2024-03-15,254,Arjun,Delhi,Monitor,Electronics,3,5331,0.1,Credit Card,Delivered,5.0
1228,2024-03-15,287,Nikita,Bangalore,Mouse,Accessories,4,11559,0.05,UPI,Delivered,1.0
1229,2024-03-16,296,Karan,Pune,Chair,Furniture,1,35944,0.05,Cash,Delivered,5.0
1230,2024-03-16,297,Megha,Mumbai,Desk,Furniture,1,13304,0.05,UPI,Delivered,4.0
1231,2024-03-16,201,Nikita,Bangalore,Chair,Furniture,2,60565,0.2,Credit Card,Delivered,4.0
1232,2024-03-17,219,Isha,Bangalore,Laptop,Electronics,4,24753,0.0,Credit Card,Delivered,4.0
1233,2024-03-17,202,Arjun,Chennai,Mouse,Accessories,4,3261,0.15,UPI,Delivered,2.0
1234,2024-03-17,253,Siddharth,Bangalore,Tablet,Electronics,2,59711,,UPI,Delivered,5.0
1235,2024-03-18,244,Isha,Chennai,Keyboard,Accessories,1,40733,0.2,Debit Card,Delivered,
1236,2024-03-18,290,Rahul,Mumbai,Mouse,Accessories,2,21514,0.0,Credit Card,Delivered,
1237,2024-03-18,232,Pooja,Hyderabad,Monitor,Electronics,3,49489,0.1,Credit Card,Delivered,3.0
1238,2024-03-19,270,Rohit,Bangalore,Laptop,Electronics,4,9506,,Debit Card,Cancelled,4.0
1239,2024-03-19,232,Priya,Pune,Keyboard,Accessories,3,23463,0.05,Cash,Delivered,4.0
1240,2024-03-19,268,Ananya,Mumbai,Laptop,Electronics,4,49031,0.1,Debit Card,Delivered,4.0
1241,2024-03-20,255,Vikram,Hyderabad,Keyboard,Accessories,4,40013,0.1,UPI,Delivered,3.0
1242,2024-03-20,275,Siddharth,Chennai,Mouse,Accessories,2,19833,0.05,Credit Card,Delivered,1.0
1243,2024-03-20,256,Sneha,Delhi,Keyboard,Accessories,1,16179,0.1,UPI,Delivered,5.0
1244,2024-03-21,217,Manish,Chennai,Monitor,Electronics,4,19113,,UPI,Delivered,4.0
1245,2024-03-21,238,Rahul,Bangalore,Headphones,Accessories,1,15337,,UPI,Delivered,3.0
1246,2024-03-21,224,Nikita,Mumbai,Monitor,Electronics,1,29997,0.1,Debit Card,Delivered,2.0
1247,2024-03-22,269,Arjun,Bangalore,Chair,Furniture,2,44343,0.05,Cash,Delivered,4.0
1248,2024-03-22,298,Sneha,Hyderabad,Tablet,Electronics,2,50615,0.2,Debit Card,Delivered,5.0
1249,2024-03-22,270,Siddharth,Pune,Tablet,Electronics,4,16844,0.15,Credit Card,Delivered,2.0
1250,2024-03-23,286,Rahul,Pune,Laptop,Electronics,3,25851,0.1,UPI,Delivered,5.0
1251,2024-03-23,211,Aditya,Chennai,Monitor,Electronics,4,63310,0.1,Cash,Delivered,5.0
1252,2024-03-23,216,Ananya,Mumbai,Desk,Furniture,2,4271,0.2,Debit Card,Delivered,3.0
1253,2024-03-24,297,Siddharth,Delhi,Laptop,Electronics,2,7197,,UPI,Delivered,3.0
1254,2024-03-24,273,Manish,Hyderabad,Tablet,Electronics,2,25922,,Cash,Delivered,3.0
1255,2024-03-24,259,Riya,Chennai,Laptop,Electronics,1,49001,0.2,Debit Card,Cancelled,5.0
1256,2024-03-25,270,Vikram,Chennai,Tablet,Electronics,1,3639,0.0,Credit Card,Delivered,1.0
1257,2024-03-25,280,Pooja,Mumbai,Desk,Furniture,3,2419,0.0,Credit Card,Delivered,
1258,2024-03-25,293,Ananya,Chennai,Headphones,Accessories,3,35542,0.15,Debit Card,Delivered,5.0
1259,2024-03-26,203,Kunal,Bangalore,Mouse,Accessories,4,42600,0.2,Credit Card,Cancelled,5.0
1260,2024-03-26,220,Rohit,Chennai,Desk,Furniture,1,48099,0.05,Debit Card,Delivered,4.0
1261,2024-03-26,259,Pooja,Chennai,Chair,Furniture,3,1971,0.2,UPI,Delivered,2.0
1262,2024-03-27,236,Manish,Pune,Keyboard,Accessories,2,29028,0.1,Debit Card,Delivered,5.0
1263,2024-03-27,219,Aarav,Mumbai,Keyboard,Accessories,4,43691,0.0,UPI,Delivered,3.0
1264,2024-03-27,290,Neha,Bangalore,Desk,Furniture,3,34165,0.0,Credit Card,Delivered,4.0
1265,2024-03-28,267,Isha,Chennai,Headphones,Accessories,2,46032,0.0,Credit Card,Delivered,4.0
1266,2024-03-28,219,Neha,Mumbai,Keyboard,Accessories,1,18721,,Credit Card,Cancelled,5.0
1267,2024-03-28,220,Aditya,Chennai,Tablet,Electronics,1,4550,,Cash,Delivered,3.0
1268,2024-03-29,296,Rohit,Hyderabad,Tablet,Electronics,4,60434,0.0,Cash,Delivered,3.0
1269,2024-03-29,271,Priya,Hyderabad,Monitor,Electronics,2,13971,,Debit Card,Cancelled,1.0
1270,2024-03-29,252,Neha,Pune,Desk,Furniture,4,19289,0.15,Cash,Delivered,5.0
1271,2024-03-30,233,Sneha,Bangalore,Chair,Furniture,4,24448,0.05,Debit Card,Delivered,4.0
1272,2024-03-30,240,Pooja,Mumbai,Mobile,Electronics,3,33458,0.2,Cash,Delivered,
1273,2024-03-30,239,Vikram,Chennai,Desk,Furniture,4,58628,0.2,Cash,Delivered,3.0
1274,2024-03-31,282,Karan,Hyderabad,Monitor,Electronics,2,12331,0.05,Debit Card,Cancelled,3.0
1275,2024-03-31,201,Priya,Hyderabad,Chair,Furniture,2,44736,0.15,Cash,Delivered,3.0
1276,2024-03-31,211,Arjun,Pune,Keyboard,Accessories,4,40701,,Cash,Delivered,
1277,2024-03-31,292,Rahul,Mumbai,Headphones,Accessories,4,55200,0.2,Cash,Returned,
1278,2024-04-01,257,Aarav,Bangalore,Headphones,Accessories,4,16954,0.2,UPI,Delivered,4.0
1279,2024-04-01,289,Kavya,Chennai,Keyboard,Accessories,3,15836,0.15,Credit Card,Delivered,5.0
1280,2024-04-01,250,Neha,Chennai,Desk,Furniture,3,22753,0.15,Debit Card,Cancelled,4.0
1281,2024-04-02,223,Karan,Bangalore,Keyboard,Accessories,4,21015,0.05,Credit Card,Delivered,2.0
1282,2024-04-02,231,Siddharth,Hyderabad,Mobile,Electronics,2,34666,0.0,Cash,Delivered,4.0
1283,2024-04-02,294,Neha,Delhi,Tablet,Electronics,1,58867,0.2,Cash,Delivered,5.0
1284,2024-04-03,242,Priya,Delhi,Headphones,Accessories,2,39912,0.15,Cash,Cancelled,3.0
1285,2024-04-03,299,Isha,Bangalore,Mouse,Accessories,3,57310,0.2,Credit Card,Cancelled,1.0
1286,2024-04-03,207,Aditya,Mumbai,Laptop,Electronics,3,33960,0.1,Debit Card,Cancelled,2.0
1287,2024-04-04,216,Sneha,Chennai,Headphones,Accessories,3,53626,0.05,Cash,Delivered,4.0
1288,2024-04-04,290,Siddharth,Pune,Tablet,Electronics,3,39229,,Cash,Delivered,4.0
1289,2024-04-04,260,Arjun,Delhi,Mouse,Accessories,3,54709,0.0,Credit Card,Delivered,3.0
1290,2024-04-05,202,Arjun,Bangalore,Monitor,Electronics,1,49254,,Credit Card,Delivered,5.0
1291,2024-04-05,201,Aarav,Bangalore,Keyboard,Accessories,1,52675,0.0,UPI,Delivered,3.0
1292,2024-04-05,248,Vikram,Bangalore,Keyboard,Accessories,3,12040,0.1,Debit Card,Cancelled,5.0
1293,2024-04-06,212,Vikram,Hyderabad,Chair,Furniture,2,17032,0.2,Credit Card,Delivered,4.0
1294,2024-04-06,269,Manish,Bangalore,Tablet,Electronics,3,29965,0.05,UPI,Delivered,4.0
1295,2024-04-06,237,Riya,Delhi,Laptop,Electronics,1,2844,0.0,UPI,Delivered,
1296,2024-04-07,232,Isha,Pune,Laptop,Electronics,4,24652,0.15,Debit Card,Cancelled,
1297,2024-04-07,209,Arjun,Bangalore,Mouse,Accessories,4,15668,0.1,Debit Card,Delivered,4.0
1298,2024-04-07,299,Pooja,Mumbai,Monitor,Electronics,2,31595,0.2,Cash,Delivered,
1299,2024-04-08,219,Megha,Pune,Headphones,Accessories,1,43552,,UPI,Delivered,2.0
1300,2024-04-08,248,Rahul,Pune,Chair,Furniture,3,20635,0.05,Debit Card,Delivered,
1301,2024-04-08,280,Rahul,Hyderabad,Tablet,Electronics,4,56844,0.15,Credit Card,Cancelled,3.0
1302,2024-04-09,203,Aarav,Mumbai,Laptop,Electronics,2,18343,0.1,Debit Card,Delivered,5.0
1303,2024-04-09,220,Vikram,Pune,Laptop,Electronics,4,13405,0.05,Cash,Delivered,3.0
1304,2024-04-09,224,Rohit,Pune,Desk,Furniture,1,34423,0.2,Debit Card,Delivered,3.0
1305,2024-04-10,254,Priya,Bangalore,Tablet,Electronics,3,18540,,Debit Card,Delivered,3.0
1306,2024-04-10,233,Nikita,Pune,Chair,Furniture,1,56084,0.2,UPI,Delivered,4.0
1307,2024-04-10,224,Rahul,Pune,Keyboard,Accessories,4,49080,0.1,Debit Card,Cancelled,1.0
1308,2024-04-11,275,Riya,Mumbai,Mobile,Electronics,2,39011,,UPI,Delivered,5.0
1309,2024-04-11,272,Arjun,Pune,Chair,Furniture,4,30608,0.0,Debit Card,Delivered,4.0
1310,2024-04-11,236,Ananya,Chennai,Desk,Furniture,2,52449,0.1,Credit Card,Delivered,4.0
1311,2024-04-12,238,Sneha,Delhi,Desk,Furniture,1,41286,0.15,UPI,Cancelled,3.0
1312,2024-04-12,284,Siddharth,Pune,Mouse,Accessories,3,6831,,Credit Card,Delivered,2.0
1313,2024-04-12,299,Siddharth,Pune,Laptop,Electronics,3,25164,0.05,Debit Card,Delivered,
1314,2024-04-13,289,Riya,Delhi,Mouse,Accessories,4,11316,,UPI,Delivered,5.0
1315,2024-04-13,299,Neha,Delhi,Keyboard,Accessories,2,61849,,Debit Card,Cancelled,4.0
1316,2024-04-13,225,Riya,Bangalore,Desk,Furniture,3,52022,0.1,UPI,Delivered,4.0
1317,2024-04-14,293,Manish,Pune,Mobile,Electronics,4,41403,0.2,UPI,Cancelled,4.0
1318,2024-04-14,218,Karan,Delhi,Tablet,Electronics,1,53225,0.15,Debit Card,Delivered,4.0
1319,2024-04-14,282,Nikita,Bangalore,Laptop,Electronics,1,51781,0.2,Cash,Returned,4.0
1320,2024-04-15,266,Manish,Chennai,Laptop,Electronics,3,49315,0.0,Cash,Returned,2.0
1321,2024-04-15,254,Isha,Chennai,Tablet,Electronics,3,5452,0.15,Debit Card,Delivered,2.0
1322,2024-04-15,235,Ananya,Hyderabad,Tablet,Electronics,2,19493,0.1,Credit Card,Delivered,2.0
1323,2024-04-16,280,Vikram,Pune,Keyboard,Accessories,3,28534,,UPI,Delivered,4.0
1324,2024-04-16,261,Manish,Pune,Monitor,Electronics,1,60300,,UPI,Delivered,4.0
1325,2024-04-16,241,Neha,Hyderabad,Mouse,Accessories,1,6298,0.1,Debit Card,Delivered,4.0
1326,2024-04-17,300,Kunal,Bangalore,Keyboard,Accessories,2,17566,0.15,Debit Card,Delivered,3.0
1327,2024-04-17,233,Kunal,Bangalore,Chair,Furniture,1,56578,0.2,Debit Card,Delivered,4.0
1328,2024-04-17,268,Arjun,Hyderabad,Tablet,Electronics,4,57969,,Debit Card,Delivered,4.0
1329,2024-04-18,233,Neha,Delhi,Keyboard,Accessories,1,36228,0.15,Credit Card,Delivered,
1330,2024-04-18,214,Manish,Pune,Mouse,Accessories,1,45589,0.1,Cash,Delivered,4.0
1331,2024-04-18,221,Pooja,Bangalore,Mouse,Accessories,1,1682,0.1,Cash,Cancelled,4.0
1332,2024-04-19,248,Aditya,Delhi,Headphones,Accessories,2,38915,,Debit Card,Cancelled,4.0
1333,2024-04-19,220,Megha,Bangalore,Tablet,Electronics,2,37104,0.1,Debit Card,Delivered,5.0
1334,2024-04-19,208,Vikram,Bangalore,Monitor,Electronics,3,33932,0.1,UPI,Delivered,3.0
1335,2024-04-20,207,Karan,Delhi,Laptop,Electronics,1,37503,0.1,UPI,Delivered,3.0
1336,2024-04-20,267,Kunal,Delhi,Headphones,Accessories,4,34705,,Credit Card,Delivered,5.0
1337,2024-04-20,217,Karan,Chennai,Keyboard,Accessories,4,18411,0.05,UPI,Delivered,3.0
1338,2024-04-21,233,Rohit,Chennai,Tablet,Electronics,3,57489,0.05,Debit Card,Delivered,5.0
1339,2024-04-21,248,Rahul,Hyderabad,Monitor,Electronics,1,10564,0.0,Cash,Delivered,2.0
1340,2024-04-21,276,Vikram,Mumbai,Laptop,Electronics,4,30018,0.05,Credit Card,Delivered,2.0
1341,2024-04-22,259,Priya,Delhi,Monitor,Electronics,2,35582,,Credit Card,Delivered,3.0
1342,2024-04-22,286,Nikita,Mumbai,Mobile,Electronics,1,29020,0.1,Cash,Delivered,4.0
1343,2024-04-22,222,Neha,Mumbai,Mobile,Electronics,2,57499,,UPI,Delivered,2.0
1344,2024-04-23,230,Rohit,Hyderabad,Mobile,Electronics,3,3751,,Debit Card,Delivered,3.0
1345,2024-04-23,238,Arjun,Pune,Desk,Furniture,2,34004,0.2,UPI,Delivered,4.0
1346,2024-04-23,251,Riya,Chennai,Laptop,Electronics,3,7990,,Cash,Delivered,4.0
1347,2024-04-24,254,Aditya,Chennai,Mobile,Electronics,2,32721,0.15,Credit Card,Delivered,3.0
1348,2024-04-24,208,Isha,Mumbai,Headphones,Accessories,4,6385,0.15,Credit Card,Delivered,4.0
1349,2024-04-24,227,Megha,Chennai,Desk,Furniture,4,49488,0.0,Credit Card,Cancelled,1.0
1350,2024-04-25,227,Pooja,Pune,Chair,Furniture,2,14887,0.0,Cash,Delivered,3.0
1351,2024-04-25,298,Neha,Bangalore,Desk,Furniture,1,6538,0.1,Cash,Delivered,4.0
1352,2024-04-25,221,Pooja,Delhi,Tablet,Electronics,1,26482,0.0,UPI,Delivered,4.0
1353,2024-04-26,230,Ananya,Hyderabad,Headphones,Accessories,2,35516,0.0,UPI,Cancelled,
1354,2024-04-26,297,Riya,Pune,Keyboard,Accessories,1,53559,0.15,Credit Card,Delivered,2.0
1355,2024-04-26,228,Siddharth,Hyderabad,Monitor,Electronics,3,6642,0.15,Credit Card,Returned,
1356,2024-04-27,264,Karan,Bangalore,Desk,Furniture,3,53326,0.05,UPI,Delivered,4.0
1357,2024-04-27,297,Neha,Pune,Desk,Furniture,1,3057,0.2,UPI,Cancelled,5.0
1358,2024-04-27,269,Rahul,Hyderabad,Mouse,Accessories,4,35573,0.0,Credit Card,Delivered,5.0
1359,2024-04-28,261,Sneha,Bangalore,Chair,Furniture,3,31299,0.05,Cash,Delivered,5.0
1360,2024-04-28,248,Kunal,Delhi,Chair,Furniture,2,51413,0.0,UPI,Delivered,5.0
1361,2024-04-28,219,Ananya,Chennai,Mouse,Accessories,2,35241,0.2,UPI,Delivered,3.0
1362,2024-04-29,204,Ananya,Delhi,Chair,Furniture,2,43765,0.0,UPI,Delivered,2.0
1363,2024-04-29,235,Kunal,Pune,Mouse,Accessories,1,61995,,Cash,Delivered,3.0
1364,2024-04-29,264,Siddharth,Bangalore,Mouse,Accessories,1,21107,0.15,Credit Card,Cancelled,3.0
1365,2024-04-30,249,Vikram,Mumbai,Mouse,Accessories,1,63945,0.1,UPI,Delivered,4.0
1366,2024-04-30,217,Pooja,Delhi,Keyboard,Accessories,1,41792,0.05,UPI,Delivered,3.0
1367,2024-04-30,244,Kunal,Pune,Headphones,Accessories,4,64910,0.1,Debit Card,Delivered,1.0
1368,2024-04-30,292,Karan,Hyderabad,Chair,Furniture,1,45045,0.1,UPI,Cancelled,3.0
1369,2024-05-01,230,Riya,Mumbai,Mobile,Electronics,4,53228,0.15,Cash,Cancelled,4.0
1370,2024-05-01,293,Aditya,Bangalore,Keyboard,Accessories,4,44415,0.15,Credit Card,Delivered,4.0
1371,2024-05-01,246,Rahul,Delhi,Headphones,Accessories,2,12504,0.05,Debit Card,Returned,5.0
1372,2024-05-02,206,Aarav,Pune,Chair,Furniture,4,14179,0.15,Debit Card,Cancelled,4.0
1373,2024-05-02,299,Vikram,Chennai,Chair,Furniture,2,10715,0.0,Credit Card,Delivered,5.0
1374,2024-05-02,237,Aarav,Mumbai,Mobile,Electronics,1,57715,0.15,Credit Card,Delivered,3.0
1375,2024-05-03,224,Megha,Chennai,Keyboard,Accessories,2,27876,,Credit Card,Delivered,3.0
1376,2024-05-03,293,Rahul,Delhi,Tablet,Electronics,2,39205,0.2,Cash,Delivered,4.0
1377,2024-05-03,246,Vikram,Bangalore,Mobile,Electronics,3,54910,0.15,Debit Card,Delivered,5.0
1378,2024-05-04,253,Pooja,Delhi,Chair,Furniture,4,8666,0.05,UPI,Delivered,4.0
1379,2024-05-04,295,Sneha,Bangalore,Tablet,Electronics,3,31830,,Cash,Delivered,4.0
1380,2024-05-04,299,Neha,Mumbai,Mobile,Electronics,1,30090,0.1,Debit Card,Delivered,4.0
1381,2024-05-05,260,Aarav,Delhi,Chair,Furniture,2,36991,0.15,Debit Card,Delivered,3.0
1382,2024-05-05,297,Pooja,Pune,Monitor,Electronics,4,60945,,UPI,Delivered,5.0
1383,2024-05-05,263,Kunal,Hyderabad,Keyboard,Accessories,4,4383,0.15,Cash,Delivered,3.0
1384,2024-05-06,285,Karan,Bangalore,Chair,Furniture,2,20822,0.1,UPI,Delivered,3.0
1385,2024-05-06,232,Aarav,Pune,Monitor,Electronics,1,59605,0.1,UPI,Delivered,
1386,2024-05-06,287,Karan,Pune,Tablet,Electronics,4,36019,0.2,Debit Card,Delivered,1.0
1387,2024-05-07,233,Megha,Bangalore,Laptop,Electronics,2,46540,0.15,UPI,Delivered,4.0
1388,2024-05-07,267,Vikram,Pune,Monitor,Electronics,4,33398,0.05,UPI,Delivered,5.0
1389,2024-05-07,218,Riya,Hyderabad,Laptop,Electronics,2,44161,0.2,Cash,Delivered,3.0
1390,2024-05-08,225,Arjun,Hyderabad,Tablet,Electronics,1,23426,0.15,Cash,Delivered,5.0
1391,2024-05-08,295,Riya,Mumbai,Headphones,Accessories,3,39865,0.2,Cash,Delivered,4.0
1392,2024-05-08,254,Nikita,Chennai,Monitor,Electronics,1,21500,0.0,Cash,Delivered,3.0
1393,2024-05-09,258,Karan,Delhi,Monitor,Electronics,2,17454,0.1,Cash,Delivered,4.0
1394,2024-05-09,267,Neha,Pune,Monitor,Electronics,2,47868,0.05,UPI,Delivered,5.0
1395,2024-05-09,246,Vikram,Pune,Chair,Furniture,4,50230,0.2,UPI,Delivered,1.0
1396,2024-05-10,224,Rohit,Chennai,Mouse,Accessories,2,34948,0.0,UPI,Delivered,
1397,2024-05-10,232,Pooja,Chennai,Tablet,Electronics,4,39378,,Debit Card,Delivered,5.0
1398,2024-05-10,247,Manish,Pune,Desk,Furniture,1,23212,0.05,Cash,Delivered,3.0
1399,2024-05-11,286,Riya,Chennai,Desk,Furniture,2,21775,0.1,UPI,Delivered,
1400,2024-05-11,223,Ananya,Mumbai,Chair,Furniture,1,58415,0.1,Cash,Delivered,4.0
1401,2024-05-11,266,Siddharth,Bangalore,Desk,Furniture,1,53674,0.05,Cash,Delivered,4.0
1402,2024-05-12,227,Aarav,Pune,Desk,Furniture,3,11956,0.2,Debit Card,Delivered,2.0
1403,2024-05-12,202,Rohit,Delhi,Desk,Furniture,3,30583,0.05,Credit Card,Cancelled,5.0
1404,2024-05-12,290,Siddharth,Mumbai,Headphones,Accessories,2,33734,0.2,Debit Card,Delivered,5.0
1405,2024-05-13,217,Karan,Pune,Desk,Furniture,1,62821,,Debit Card,Delivered,5.0
1406,2024-05-13,233,Aditya,Bangalore,Headphones,Accessories,4,54112,0.0,Cash,Delivered,4.0
1407,2024-05-13,209,Karan,Chennai,Monitor,Electronics,2,42128,0.1,Credit Card,Delivered,5.0
1408,2024-05-14,243,Arjun,Chennai,Mobile,Electronics,1,46614,0.15,UPI,Delivered,4.0
1409,2024-05-14,248,Sneha,Hyderabad,Chair,Furniture,3,19424,0.2,Cash,Delivered,5.0
1410,2024-05-14,239,Kavya,Bangalore,Tablet,Electronics,3,36331,0.1,Cash,Delivered,5.0
1411,2024-05-15,293,Rohit,Chennai,Chair,Furniture,2,18066,0.0,Cash,Cancelled,5.0
1412,2024-05-15,242,Kavya,Bangalore,Mobile,Electronics,4,12054,0.1,UPI,Delivered,4.0
1413,2024-05-15,226,Sneha,Pune,Keyboard,Accessories,3,27300,0.1,UPI,Delivered,4.0
1414,2024-05-16,299,Megha,Pune,Keyboard,Accessories,2,1687,0.1,Debit Card,Delivered,4.0
1415,2024-05-16,250,Kavya,Chennai,Mobile,Electronics,2,19790,0.15,Debit Card,Delivered,
1416,2024-05-16,225,Kavya,Hyderabad,Headphones,Accessories,3,25503,,Cash,Delivered,4.0
1417,2024-05-17,224,Ananya,Pune,Desk,Furniture,1,26791,0.05,Credit Card,Returned,4.0
1418,2024-05-17,213,Kavya,Pune,Keyboard,Accessories,4,26717,0.0,UPI,Delivered,5.0
1419,2024-05-17,260,Karan,Mumbai,Headphones,Accessories,3,60578,0.05,Cash,Delivered,4.0
1420,2024-05-18,207,Aditya,Chennai,Mouse,Accessories,2,25529,0.1,Cash,Delivered,4.0
1421,2024-05-18,257,Neha,Chennai,Mouse,Accessories,4,62642,0.15,UPI,Delivered,2.0
1422,2024-05-18,236,Aarav,Chennai,Tablet,Electronics,2,35310,0.1,UPI,Delivered,5.0
1423,2024-05-19,245,Ananya,Hyderabad,Mobile,Electronics,1,41187,0.0,Debit Card,Delivered,2.0
1424,2024-05-19,220,Riya,Mumbai,Tablet,Electronics,4,61108,0.1,Credit Card,Delivered,5.0
1425,2024-05-19,265,Vikram,Bangalore,Laptop,Electronics,1,37964,0.15,Debit Card,Returned,
1426,2024-05-20,208,Sneha,Chennai,Monitor,Electronics,1,16396,,UPI,Delivered,3.0
1427,2024-05-20,216,Aditya,Bangalore,Mouse,Accessories,2,20674,0.15,UPI,Delivered,5.0
1428,2024-05-20,214,Vikram,Mumbai,Tablet,Electronics,4,1659,0.0,Credit Card,Delivered,4.0
1429,2024-05-21,276,Kavya,Pune,Chair,Furniture,3,25744,0.2,UPI,Delivered,5.0
1430,2024-05-21,287,Aarav,Delhi,Mobile,Electronics,4,11242,0.2,Cash,Delivered,4.0
1431,2024-05-21,215,Riya,Delhi,Headphones,Accessories,2,2161,,Debit Card,Delivered,4.0
1432,2024-05-22,292,Isha,Delhi,Tablet,Electronics,2,1669,0.0,Credit Card,Delivered,3.0
1433,2024-05-22,298,Siddharth,Bangalore,Desk,Furniture,1,29861,0.1,Cash,Cancelled,4.0
1434,2024-05-22,266,Kunal,Delhi,Keyboard,Accessories,1,19057,0.1,Cash,Delivered,4.0
1435,2024-05-23,232,Aditya,Bangalore,Chair,Furniture,4,29073,0.15,Credit Card,Delivered,2.0
1436,2024-05-23,287,Riya,Chennai,Mouse,Accessories,4,47018,0.05,Cash,Delivered,1.0
1437,2024-05-23,263,Karan,Chennai,Mouse,Accessories,4,8803,0.15,Credit Card,Delivered,2.0
1438,2024-05-24,286,Manish,Pune,Laptop,Electronics,2,32581,0.2,Credit Card,Cancelled,3.0
1439,2024-05-24,251,Riya,Hyderabad,Mobile,Electronics,3,36236,0.15,UPI,Delivered,4.0
1440,2024-05-24,225,Kavya,Pune,Chair,Furniture,2,4406,0.0,UPI,Delivered,4.0
1441,2024-05-25,258,Siddharth,Mumbai,Headphones,Accessories,4,49316,0.15,Credit Card,Cancelled,4.0
1442,2024-05-25,263,Arjun,Hyderabad,Laptop,Electronics,1,59380,0.2,Debit Card,Delivered,4.0
1443,2024-05-25,262,Pooja,Delhi,Desk,Furniture,2,27684,0.05,Credit Card,Delivered,5.0
1444,2024-05-26,222,Isha,Bangalore,Mouse,Accessories,1,47164,0.2,Debit Card,Delivered,4.0
1445,2024-05-26,258,Sneha,Bangalore,Laptop,Electronics,3,37255,0.2,Credit Card,Delivered,5.0
1446,2024-05-26,258,Ananya,Delhi,Mouse,Accessories,1,42480,,Credit Card,Delivered,3.0
1447,2024-05-27,286,Kunal,Chennai,Tablet,Electronics,4,30145,0.0,Debit Card,Delivered,3.0
1448,2024-05-27,249,Priya,Delhi,Mouse,Accessories,3,50098,,UPI,Delivered,3.0
1449,2024-05-27,252,Priya,Mumbai,Laptop,Electronics,2,37120,0.1,UPI,Delivered,5.0
1450,2024-05-28,242,Nikita,Hyderabad,Mobile,Electronics,3,37804,,Cash,Delivered,4.0
1451,2024-05-28,270,Rahul,Hyderabad,Headphones,Accessories,4,54903,0.05,Credit Card,Cancelled,4.0
1452,2024-05-28,215,Siddharth,Delhi,Headphones,Accessories,2,34384,0.2,UPI,Delivered,5.0
1453,2024-05-29,254,Nikita,Pune,Tablet,Electronics,3,64828,0.2,Credit Card,Delivered,3.0
1454,2024-05-29,260,Nikita,Pune,Chair,Furniture,4,53856,0.2,Debit Card,Delivered,5.0
1455,2024-05-29,297,Arjun,Mumbai,Mouse,Accessories,1,30694,,UPI,Cancelled,4.0
1456,2024-05-30,208,Priya,Mumbai,Tablet,Electronics,3,4564,,Debit Card,Delivered,4.0
1457,2024-05-30,253,Aditya,Pune,Mobile,Electronics,4,37287,,Cash,Returned,4.0
1458,2024-05-30,260,Rahul,Hyderabad,Monitor,Electronics,1,12112,0.2,Credit Card,Delivered,4.0
1459,2024-05-30,205,Priya,Delhi,Tablet,Electronics,3,49954,,Debit Card,Delivered,5.0
1460,2024-05-31,268,Kunal,Mumbai,Monitor,Electronics,3,28569,0.1,Credit Card,Delivered,
1461,2024-05-31,206,Aditya,Pune,Desk,Furniture,4,1470,0.15,Cash,Delivered,2.0
1462,2024-05-31,296,Kavya,Pune,Keyboard,Accessories,4,32972,,Debit Card,Delivered,5.0
1463,2024-06-01,294,Siddharth,Delhi,Headphones,Accessories,4,59432,0.15,UPI,Delivered,4.0
1464,2024-06-01,247,Ananya,Bangalore,Monitor,Electronics,2,45316,0.2,Credit Card,Delivered,4.0
1465,2024-06-01,299,Rahul,Delhi,Mouse,Accessories,4,61735,0.1,Credit Card,Delivered,3.0
1466,2024-06-02,255,Megha,Chennai,Laptop,Electronics,2,19745,0.05,Cash,Delivered,4.0
1467,2024-06-02,240,Aarav,Chennai,Mouse,Accessories,1,37902,0.1,UPI,Delivered,
1468,2024-06-02,252,Ananya,Hyderabad,Keyboard,Accessories,2,49708,0.1,Debit Card,Delivered,4.0
1469,2024-06-03,216,Kavya,Bangalore,Headphones,Accessories,3,38501,0.15,UPI,Delivered,5.0
1470,2024-06-03,213,Karan,Hyderabad,Laptop,Electronics,1,40286,,Cash,Delivered,1.0
1471,2024-06-03,230,Priya,Hyderabad,Mobile,Electronics,4,61093,0.0,Debit Card,Returned,5.0
1472,2024-06-04,219,Sneha,Delhi,Mouse,Accessories,2,32801,0.1,Cash,Cancelled,5.0
1473,2024-06-04,217,Nikita,Hyderabad,Tablet,Electronics,1,24186,0.1,UPI,Delivered,4.0
1474,2024-06-04,263,Kunal,Chennai,Monitor,Electronics,3,61914,0.2,Debit Card,Delivered,5.0
1475,2024-06-05,219,Megha,Pune,Keyboard,Accessories,3,48501,,Cash,Delivered,1.0
1476,2024-06-05,292,Karan,Hyderabad,Headphones,Accessories,3,37407,0.1,UPI,Delivered,1.0
1477,2024-06-05,258,Arjun,Delhi,Tablet,Electronics,1,33635,0.2,Credit Card,Delivered,4.0
1478,2024-06-06,255,Kunal,Chennai,Desk,Furniture,4,48975,0.1,Credit Card,Delivered,5.0
1479,2024-06-06,290,Pooja,Mumbai,Keyboard,Accessories,3,51290,0.2,Cash,Cancelled,
1480,2024-06-06,290,Kunal,Hyderabad,Monitor,Electronics,2,15032,,Credit Card,Delivered,2.0
1481,2024-06-07,262,Manish,Pune,Mouse,Accessories,2,7831,0.1,Debit Card,Delivered,3.0
1482,2024-06-07,223,Rohit,Bangalore,Desk,Furniture,2,19689,,UPI,Delivered,3.0
1483,2024-06-07,209,Isha,Mumbai,Mouse,Accessories,2,61969,0.0,Cash,Delivered,5.0
1484,2024-06-08,212,Priya,Chennai,Laptop,Electronics,3,8026,0.1,Cash,Returned,4.0
1485,2024-06-08,201,Rahul,Mumbai,Tablet,Electronics,4,4055,0.05,UPI,Delivered,4.0
1486,2024-06-08,258,Pooja,Delhi,Mobile,Electronics,4,24789,0.05,Credit Card,Delivered,5.0
1487,2024-06-09,201,Kavya,Chennai,Chair,Furniture,2,5821,0.0,Credit Card,Delivered,4.0
1488,2024-06-09,234,Vikram,Delhi,Chair,Furniture,4,60346,0.2,Debit Card,Delivered,5.0
1489,2024-06-09,296,Isha,Bangalore,Laptop,Electronics,3,53246,0.0,Cash,Delivered,4.0
1490,2024-06-10,248,Arjun,Chennai,Headphones,Accessories,4,14032,0.0,Debit Card,Delivered,5.0
1491,2024-06-10,289,Megha,Chennai,Headphones,Accessories,4,52569,0.05,Cash,Delivered,4.0
1492,2024-06-10,201,Priya,Bangalore,Monitor,Electronics,3,56580,0.15,Cash,Delivered,
1493,2024-06-11,216,Siddharth,Bangalore,Chair,Furniture,1,34429,0.15,UPI,Delivered,5.0
1494,2024-06-11,261,Megha,Chennai,Monitor,Electronics,1,45625,,Debit Card,Returned,5.0
1495,2024-06-11,264,Kunal,Bangalore,Chair,Furniture,3,48693,0.05,Credit Card,Delivered,5.0
1496,2024-06-12,263,Isha,Delhi,Keyboard,Accessories,4,46341,0.05,Cash,Delivered,4.0
1497,2024-06-12,269,Ananya,Hyderabad,Headphones,Accessories,1,20320,0.05,Cash,Delivered,5.0
1498,2024-06-12,222,Priya,Pune,Mouse,Accessories,1,6008,0.05,Debit Card,Delivered,5.0
1499,2024-06-13,293,Priya,Bangalore,Headphones,Accessories,3,41260,0.0,Credit Card,Delivered,5.0
1500,2024-06-13,267,Pooja,Chennai,Mobile,Electronics,1,14831,0.0,Debit Card,Delivered,4.0
1501,2024-06-13,276,Rohit,Bangalore,Desk,Furniture,3,21327,0.05,Debit Card,Delivered,2.0
1502,2024-06-14,226,Sneha,Delhi,Chair,Furniture,1,28300,0.0,UPI,Delivered,5.0
1503,2024-06-14,216,Sneha,Chennai,Mouse,Accessories,4,23323,0.0,Cash,Delivered,5.0
1504,2024-06-14,251,Nikita,Chennai,Tablet,Electronics,4,51618,0.2,Cash,Cancelled,4.0
1505,2024-06-15,286,Isha,Delhi,Chair,Furniture,3,9063,,Credit Card,Delivered,2.0
1506,2024-06-15,257,Kavya,Pune,Laptop,Electronics,3,55870,0.2,Debit Card,Delivered,5.0
1507,2024-06-15,229,Rahul,Mumbai,Keyboard,Accessories,2,47475,,Credit Card,Delivered,5.0
1508,2024-06-16,278,Aarav,Hyderabad,Monitor,Electronics,1,1136,,UPI,Delivered,3.0
1509,2024-06-16,292,Priya,Delhi,Chair,Furniture,2,6650,0.2,Credit Card,Delivered,
1510,2024-06-16,269,Nikita,Mumbai,Headphones,Accessories,1,26896,0.15,Credit Card,Delivered,5.0
1511,2024-06-17,247,Isha,Chennai,Laptop,Electronics,2,1670,0.2,Credit Card,Delivered,5.0
1512,2024-06-17,294,Kavya,Pune,Keyboard,Accessories,2,48564,0.0,Cash,Delivered,4.0
1513,2024-06-17,262,Kavya,Pune,Keyboard,Accessories,3,44191,0.15,Credit Card,Returned,3.0
1514,2024-06-18,269,Pooja,Pune,Tablet,Electronics,3,14209,0.0,UPI,Delivered,3.0
1515,2024-06-18,276,Aarav,Delhi,Desk,Furniture,4,58215,0.1,Cash,Delivered,3.0
1516,2024-06-18,216,Aarav,Mumbai,Tablet,Electronics,3,60806,0.1,UPI,Cancelled,5.0
1517,2024-06-19,290,Sneha,Hyderabad,Chair,Furniture,3,10583,,UPI,Delivered,4.0
1518,2024-06-19,290,Kunal,Pune,Mouse,Accessories,4,26632,0.0,UPI,Returned,3.0
1519,2024-06-19,248,Sneha,Delhi,Chair,Furniture,3,42630,0.15,Cash,Delivered,4.0
1520,2024-06-20,285,Riya,Chennai,Mobile,Electronics,2,12182,0.2,Credit Card,Cancelled,5.0
1521,2024-06-20,239,Siddharth,Pune,Monitor,Electronics,2,30764,0.15,Cash,Delivered,5.0
1522,2024-06-20,300,Aarav,Mumbai,Tablet,Electronics,2,31771,0.1,Credit Card,Returned,2.0
1523,2024-06-21,233,Pooja,Delhi,Laptop,Electronics,3,56555,0.05,UPI,Delivered,
1524,2024-06-21,294,Neha,Delhi,Chair,Furniture,4,4158,,Credit Card,Delivered,4.0
1525,2024-06-21,223,Priya,Mumbai,Mouse,Accessories,2,51048,0.05,Debit Card,Cancelled,4.0
1526,2024-06-22,210,Aditya,Delhi,Keyboard,Accessories,3,60121,0.1,Cash,Cancelled,2.0
1527,2024-06-22,269,Riya,Pune,Mobile,Electronics,3,19582,0.05,Credit Card,Delivered,5.0
1528,2024-06-22,300,Kavya,Chennai,Tablet,Electronics,2,29620,0.0,UPI,Delivered,5.0
1529,2024-06-23,234,Isha,Bangalore,Laptop,Electronics,4,52293,0.2,Debit Card,Delivered,4.0
1530,2024-06-23,252,Siddharth,Delhi,Keyboard,Accessories,4,26264,0.05,Cash,Delivered,4.0
1531,2024-06-23,295,Karan,Chennai,Headphones,Accessories,4,50042,0.05,Cash,Delivered,2.0
1532,2024-06-24,210,Siddharth,Delhi,Tablet,Electronics,4,57361,0.05,UPI,Delivered,3.0
1533,2024-06-24,219,Manish,Pune,Keyboard,Accessories,3,64836,0.1,Debit Card,Delivered,
1534,2024-06-24,258,Pooja,Bangalore,Laptop,Electronics,4,14811,0.1,Debit Card,Delivered,5.0
1535,2024-06-25,296,Vikram,Mumbai,Chair,Furniture,3,30431,0.2,UPI,Delivered,3.0
1536,2024-06-25,201,Aarav,Chennai,Mobile,Electronics,3,40254,0.15,Cash,Returned,1.0
1537,2024-06-25,269,Aditya,Pune,Laptop,Electronics,1,30232,0.05,Credit Card,Delivered,4.0
1538,2024-06-26,204,Rahul,Pune,Chair,Furniture,2,20942,0.0,Credit Card,Delivered,3.0
1539,2024-06-26,216,Aditya,Chennai,Mouse,Accessories,3,7309,,UPI,Delivered,4.0
1540,2024-06-26,224,Manish,Chennai,Laptop,Electronics,3,10260,0.1,Credit Card,Delivered,1.0
1541,2024-06-27,280,Sneha,Chennai,Desk,Furniture,2,23353,0.2,Debit Card,Delivered,3.0
1542,2024-06-27,202,Rahul,Bangalore,Mobile,Electronics,4,40496,0.0,Debit Card,Delivered,5.0
1543,2024-06-27,292,Karan,Mumbai,Tablet,Electronics,1,52418,0.1,Cash,Delivered,3.0
1544,2024-06-28,232,Megha,Pune,Chair,Furniture,1,23708,0.0,Debit Card,Delivered,5.0
1545,2024-06-28,291,Aditya,Chennai,Mouse,Accessories,2,10143,,Cash,Delivered,3.0
1546,2024-06-28,284,Neha,Delhi,Monitor,Electronics,1,48761,0.15,Credit Card,Delivered,4.0
1547,2024-06-29,224,Pooja,Delhi,Desk,Furniture,3,10572,0.05,Debit Card,Delivered,5.0
1548,2024-06-29,212,Megha,Mumbai,Desk,Furniture,4,54018,,UPI,Delivered,5.0
1549,2024-06-29,250,Manish,Chennai,Headphones,Accessories,4,45441,0.1,Credit Card,Cancelled,5.0
1550,2024-06-30,235,Megha,Mumbai,Monitor,Electronics,1,28342,,Cash,Delivered,3.0
